_uid_,nom
"1",ABADIE
"2",ADAM
"3",ALBERT
"4",ALEXANDRE
"5",ALLAIN
"6",ALLARD
"7",ALVAREZ
"8",ALVES
"9",AMAR
"10",ANDRE
"11",ANDRIEU
"12",ANDRIEUX
"13",ANTOINE
"14",ARMAND
"15",ARNAL
"16",ARNAUD
"17",ARNOULD
"18",ARNOUX
"19",ASTIER
"20",AUBERT
"21",AUBIN
"22",AUBRY
"23",AUGER
"24",AUVRAY
"25",AVRIL
"26",BABIN
"27",BAILLY
"28",BAPTISTE
"29",BARBE
"30",BARBIER
"31",BARON
"32",BARRE
"33",BARREAU
"34",BARRET
"35",BARRIERE
"36",BARTHE
"37",BARTHELEMY
"38",BASSET
"39",BASTIDE
"40",BASTIEN
"41",BATAILLE
"42",BAUD
"43",BAUDET
"44",BAUDIN
"45",BAUDOIN
"46",BAUDOUIN
"47",BAUDRY
"48",BAUER
"49",BAYLE
"50",BAZIN
"51",BEAU
"52",BEAUFILS
"53",BEAUMONT
"54",BECK
"55",BECKER
"56",BEGUE
"57",BELIN
"58",BELLANGER
"59",BENARD
"60",BENHAMOU
"61",BENOIST
"62",BENOIT
"63",BERARD
"64",BERGER
"65",BERNARD
"66",BERNIER
"67",BERTHELOT
"68",BERTHET
"69",BERTHIER
"70",BERTIN
"71",BERTON
"72",BERTRAND
"73",BESNARD
"74",BESSE
"75",BESSON
"76",BIANCHI
"77",BIGOT
"78",BILLARD
"79",BILLON
"80",BINET
"81",BISSON
"82",BLAISE
"83",BLANC
"84",BLANCHARD
"85",BLANCHET
"86",BLANDIN
"87",BLIN
"88",BLONDEAU
"89",BLONDEL
"90",BLOT
"91",BOCQUET
"92",BODIN
"93",BOIS
"94",BOISSEAU
"95",BOISSON
"96",BOIVIN
"97",BON
"98",BONHOMME
"99",BONIN
"100",BONNARD
"101",BONNEAU
"102",BONNEFOY
"103",BONNET
"104",BONNIN
"105",BORDES
"106",BOREL
"107",BOSC
"108",BOUCHARD
"109",BOUCHE
"110",BOUCHER
"111",BOUCHET
"112",BOUDET
"113",BOUILLON
"114",BOULANGER
"115",BOULAY
"116",BOULET
"117",BOUQUET
"118",BOURDIN
"119",BOURDON
"120",BOURGEOIS
"121",BOURGOIN
"122",BOURGUIGNON
"123",BOUSQUET
"124",BOUTET
"125",BOUTIN
"126",BOUVET
"127",BOUVIER
"128",BOUYER
"129",BOYER
"130",BRAULT
"131",BRESSON
"132",BRETON
"133",BRIAND
"134",BROCHARD
"135",BROSSARD
"136",BROUSSE
"137",BRUN
"138",BRUNEAU
"139",BRUNEL
"140",BRUNET
"141",BRUNO
"142",BUISSON
"143",BUREAU
"144",BUREL
"145",CADET
"146",CAILLAUD
"147",CAILLET
"148",CALVET
"149",CAMARA
"150",CAMUS
"151",CARDON
"152",CARLIER
"153",CARON
"154",CARPENTIER
"155",CARRE
"156",CARRERE
"157",CARRIERE
"158",CARTIER
"159",CASANOVA
"160",CASTEL
"161",CAZENAVE
"162",CHABERT
"163",CHABOT
"164",CHAMBON
"165",CHAMPION
"166",CHAPUIS
"167",CHARBONNIER
"168",CHARLES
"169",CHARLOT
"170",CHARPENTIER
"171",CHARRIER
"172",CHARRON
"173",CHARTIER
"174",CHATEAU
"175",CHATELAIN
"176",CHAUVEAU
"177",CHAUVET
"178",CHAUVIN
"179",CHEN
"180",CHEVALIER
"181",CHEVALLIER
"182",CHEVRIER
"183",CHOLLET
"184",CHRETIEN
"185",CISSE
"186",CLAUDE
"187",CLAVEL
"188",CLEMENT
"189",CLERC
"190",COCHET
"191",COHEN
"192",COLAS
"193",COLIN
"194",COLLET
"195",COLLIN
"196",COMBE
"197",COMBES
"198",COMTE
"199",CONSTANT
"200",CONSTANTIN
"201",CONTE
"202",CORDIER
"203",CORNET
"204",CORNU
"205",CORRE
"206",CORTES
"207",COSTA
"208",COSTE
"209",COSTES
"210",COUDERC
"211",COUDERT
"212",COULON
"213",COURTOIS
"214",COUSIN
"215",COUTURIER
"216",CREPIN
"217",CROS
"218",CROUZET
"219",DA COSTA
"220",DAHAN
"221",DANIEL
"222",DA SILVA
"223",DAVID
"224",DEJEAN
"225",DELAGE
"226",DELAHAYE
"227",DELANNOY
"228",DELAPORTE
"229",DELATTRE
"230",DELAUNAY
"231",DELMAS
"232",DELORME
"233",DELPECH
"234",DENIS
"235",DE OLIVEIRA
"236",DESCAMPS
"237",DESCHAMPS
"238",DESHAYES
"239",DE SOUSA
"240",DEVAUX
"241",DIALLO
"242",DIAS
"243",DIAZ
"244",DIDIER
"245",DIJOUX
"246",DIOP
"247",DORE
"248",DOS SANTOS
"249",DOUCET
"250",DROUET
"251",DUBOIS
"252",DUBOS
"253",DUBOURG
"254",DUBREUIL
"255",DUCHEMIN
"256",DUCHENE
"257",DUCLOS
"258",DUCROCQ
"259",DUFOUR
"260",DUHAMEL
"261",DUJARDIN
"262",DUMAS
"263",DUMONT
"264",DUMOULIN
"265",DUPIN
"266",DUPONT
"267",DUPOUY
"268",DUPRAT
"269",DUPRE
"270",DUPUIS
"271",DUPUY
"272",DURAND
"273",DURET
"274",DUVAL
"275",ESNAULT
"276",ESTEVE
"277",ETIENNE
"278",EVRARD
"279",FABRE
"280",FAIVRE
"281",FAUCHER
"282",FAURE
"283",FAVIER
"284",FAVRE
"285",FAYE
"286",FAYOLLE
"287",FELIX
"288",FERNANDES
"289",FERNANDEZ
"290",FERRAND
"291",FERRARI
"292",FERRE
"293",FERREIRA
"294",FERRER
"295",FERRIER
"296",FERRY
"297",FISCHER
"298",FLAMENT
"299",FLEURY
"300",FLORES
"301",FONTAINE
"302",FOREST
"303",FORESTIER
"304",FORT
"305",FORTIN
"306",FOUCAULT
"307",FOUCHER
"308",FOULON
"309",FOUQUET
"310",FOURCADE
"311",FOURNIER
"312",FRANCOIS
"313",FROMENT
"314",GABRIEL
"315",GAILLARD
"316",GALLAND
"317",GALLET
"318",GARCIA
"319",GARCIN
"320",GARNIER
"321",GAUBERT
"322",GAUDIN
"323",GAUTHIER
"324",GAUTIER
"325",GAY
"326",GENIN
"327",GEOFFROY
"328",GEORGE
"329",GEORGES
"330",GERARD
"331",GERMAIN
"332",GERVAIS
"333",GIBERT
"334",GICQUEL
"335",GIL
"336",GILBERT
"337",GILLES
"338",GILLET
"339",GIMENEZ
"340",GIORDANO
"341",GIRARD
"342",GIRAUD
"343",GIRAULT
"344",GODARD
"345",GODEFROY
"346",GODET
"347",GODIN
"348",GOMES
"349",GOMEZ
"350",GONCALVES
"351",GONTHIER
"352",GONZALES
"353",GONZALEZ
"354",GOSSELIN
"355",GOUJON
"356",GRAND
"357",GRANDJEAN
"358",GRANGE
"359",GRANGER
"360",GRANIER
"361",GRAS
"362",GREGOIRE
"363",GRENIER
"364",GRIMAUD
"365",GRONDIN
"366",GROS
"367",GROSJEAN
"368",GUEGAN
"369",GUEGUEN
"370",GUERIN
"371",GUIBERT
"372",GUICHARD
"373",GUIGNARD
"374",GUILBAUD
"375",GUILBERT
"376",GUILLARD
"377",GUILLAUME
"378",GUILLEMIN
"379",GUILLEMOT
"380",GUILLET
"381",GUILLON
"382",GUILLOT
"383",GUILLOU
"384",GUIRAUD
"385",GUITTON
"386",GUY
"387",GUYON
"388",GUYOT
"389",HADDAD
"390",HAMEL
"391",HAMON
"392",HARDY
"393",HEBERT
"394",HENRY
"395",HERNANDEZ
"396",HERVE
"397",HOARAU
"398",HOAREAU
"399",HOFFMANN
"400",HUBERT
"401",HUE
"402",HUET
"403",HUGUET
"404",HUMBERT
"405",HUSSON
"406",IMBERT
"407",JACOB
"408",JACQUEMIN
"409",JACQUES
"410",JACQUET
"411",JACQUIN
"412",JACQUOT
"413",JAMET
"414",JANIN
"415",JARRY
"416",JEAN
"417",JEANNE
"418",JIMENEZ
"419",JOLIVET
"420",JOLLY
"421",JOLY
"422",JOSEPH
"423",JOSSE
"424",JOUAN
"425",JOUBERT
"426",JOURDAIN
"427",JOURDAN
"428",JOUVE
"429",JULIEN
"430",JULLIEN
"431",JUNG
"432",KELLER
"433",KIEFFER
"434",KLEIN
"435",LABAT
"436",LABBE
"437",LABORDE
"438",LACAZE
"439",LACOMBE
"440",LACOSTE
"441",LACOUR
"442",LACROIX
"443",LAFFONT
"444",LAFON
"445",LAFONT
"446",LAGARDE
"447",LAGRANGE
"448",LAINE
"449",LALANNE
"450",LALLEMAND
"451",LAMARQUE
"452",LAMBERT
"453",LAMOTTE
"454",LAMY
"455",LANG
"456",LANGLOIS
"457",LAPEYRE
"458",LAPIERRE
"459",LAPORTE
"460",LAROCHE
"461",LASSALLE
"462",LASSERRE
"463",LATOUR
"464",LAUNAY
"465",LAURENT
"466",LAURET
"467",LAVAL
"468",LAVERGNE
"469",LAVIGNE
"470",LE
"471",LEBEAU
"472",LE BERRE
"473",LE BIHAN
"474",LEBLANC
"475",LEBLOND
"476",LEBON
"477",LE BORGNE
"478",LE BRAS
"479",LEBRETON
"480",LE BRIS
"481",LEBRUN
"482",LECLERC
"483",LECLERCQ
"484",LECLERE
"485",LECOCQ
"486",LECOMTE
"487",LECONTE
"488",LECOQ
"489",LE CORRE
"490",LECUYER
"491",LEDOUX
"492",LEDUC
"493",LEFEBVRE
"494",LEFEUVRE
"495",LEFEVRE
"496",LE FLOCH
"497",LEFORT
"498",LEFRANC
"499",LEFRANCOIS
"500",LE GAL
"501",LE GALL
"502",LEGENDRE
"503",LEGER
"504",LE GOFF
"505",LEGRAND
"506",LEGROS
"507",LE GUEN
"508",LEJEUNE
"509",LELEU
"510",LELIEVRE
"511",LELONG
"512",LEMAIRE
"513",LEMAITRE
"514",LEMARCHAND
"515",LEMOINE
"516",LEMONNIER
"517",LENFANT
"518",LENOIR
"519",LEON
"520",LEONARD
"521",LEPAGE
"522",LERAY
"523",LEROUX
"524",LE ROUX
"525",LEROY
"526",LE ROY
"527",LESAGE
"528",LESUEUR
"529",LETELLIER
"530",LEVASSEUR
"531",LEVEQUE
"532",LEVY
"533",LI
"534",LOISEAU
"535",LOMBARD
"536",LOPES
"537",LOPEZ
"538",LOUIS
"539",LOUVET
"540",LUCAS
"541",LY
"542",MACE
"543",MAGNE
"544",MAGNIER
"545",MAHE
"546",MAILLARD
"547",MAILLET
"548",MAILLOT
"549",MAIRE
"550",MAITRE
"551",MALLET
"552",MANGIN
"553",MARAIS
"554",MARC
"555",MARCHAL
"556",MARCHAND
"557",MARECHAL
"558",MARIE
"559",MARIN
"560",MARION
"561",MARQUES
"562",MARQUET
"563",MARTEAU
"564",MARTEL
"565",MARTIN
"566",MARTINEAU
"567",MARTINET
"568",MARTINEZ
"569",MARTINS
"570",MARTY
"571",MARY
"572",MAS
"573",MASSE
"574",MASSON
"575",MATHIEU
"576",MAUGER
"577",MAUREL
"578",MAURICE
"579",MAURIN
"580",MAURY
"581",MAYER
"582",MENARD
"583",MENDES
"584",MERCIER
"585",MERLE
"586",MERLIN
"587",MEUNIER
"588",MEYER
"589",MICHAUD
"590",MICHEL
"591",MICHELET
"592",MICHON
"593",MIGNOT
"594",MILLET
"595",MILLOT
"596",MIQUEL
"597",MOHAMED
"598",MOINE
"599",MOLINA
"600",MONIER
"601",MONNET
"602",MONNIER
"603",MONTAGNE
"604",MONTEIL
"605",MORAND
"606",MOREAU
"607",MOREL
"608",MORENO
"609",MORICE
"610",MORIN
"611",MORVAN
"612",MOULIN
"613",MOUNIER
"614",MOUTON
"615",MULLER
"616",MUNIER
"617",MUNOZ
"618",NAVARRO
"619",NDIAYE
"620",NEVEU
"621",NGUYEN
"622",NICOLAS
"623",NICOLLE
"624",NOEL
"625",NORMAND
"626",OGER
"627",OLIVIER
"628",OLLIER
"629",OLLIVIER
"630",PAGE
"631",PAGES
"632",PAIN
"633",PAPIN
"634",PAQUET
"635",PARENT
"636",PARIS
"637",PARISOT
"638",PARMENTIER
"639",PASCAL
"640",PASQUET
"641",PASQUIER
"642",PASTOR
"643",PAUL
"644",PAYEN
"645",PAYET
"646",PELISSIER
"647",PELLERIN
"648",PELLETIER
"649",PELTIER
"650",PEPIN
"651",PEREIRA
"652",PEREZ
"653",PERON
"654",PERRET
"655",PERRIER
"656",PERRIN
"657",PERRON
"658",PERROT
"659",PETIT
"660",PETITJEAN
"661",PHAM
"662",PHILIPPE
"663",PICARD
"664",PICHON
"665",PICOT
"666",PIERRE
"667",PIERRON
"668",PINEAU
"669",PINEL
"670",PINTO
"671",PIQUET
"672",POIRIER
"673",POISSON
"674",POLLET
"675",POMMIER
"676",PONCET
"677",PONS
"678",PORTE
"679",PORTIER
"680",POTIER
"681",POTTIER
"682",POUGET
"683",POULAIN
"684",POULET
"685",PRAT
"686",PREVOST
"687",PREVOT
"688",PRIEUR
"689",PRIGENT
"690",PROST
"691",PROUST
"692",PROVOST
"693",PRUVOST
"694",PUECH
"695",PUJOL
"696",QUERE
"697",RAGOT
"698",RAMBAUD
"699",RAMOS
"700",RAULT
"701",RAYMOND
"702",RAYNAL
"703",RAYNAUD
"704",REBOUL
"705",REDON
"706",REGNIER
"707",REMY
"708",RENARD
"709",RENAUD
"710",RENAULT
"711",RENOU
"712",REY
"713",REYNAUD
"714",RIBEIRO
"715",RICARD
"716",RICHARD
"717",RIGAL
"718",RIGAUD
"719",RIOU
"720",RIVET
"721",RIVIERE
"722",ROBERT
"723",ROBIN
"724",ROCHE
"725",ROCHER
"726",RODRIGUES
"727",RODRIGUEZ
"728",ROGER
"729",ROLAND
"730",ROLLAND
"731",ROMAIN
"732",ROMAN
"733",ROMERO
"734",ROQUES
"735",ROSE
"736",ROSSI
"737",ROSSIGNOL
"738",ROTH
"739",ROUGIER
"740",ROUSSEAU
"741",ROUSSEL
"742",ROUSSET
"743",ROUX
"744",ROUXEL
"745",ROY
"746",ROYER
"747",RUIZ
"748",SABATIER
"749",SAIDI
"750",SALAUN
"751",SALLES
"752",SALMON
"753",SALOMON
"754",SAMSON
"755",SANCHEZ
"756",SANTIAGO
"757",SARRAZIN
"758",SAUNIER
"759",SAUVAGE
"760",SAVARY
"761",SCHMIDT
"762",SCHMITT
"763",SCHNEIDER
"764",SCHWARTZ
"765",SEGUIN
"766",SELLIER
"767",SERGENT
"768",SERRA
"769",SERRANO
"770",SERRE
"771",SERRES
"772",SICARD
"773",SIMON
"774",SIMONET
"775",SIMONIN
"776",SMITH
"777",SOLER
"778",SOULIE
"779",SOULIER
"780",STEPHAN
"781",TANGUY
"782",TARDY
"783",TAVERNIER
"784",TECHER
"785",TEIXEIRA
"786",TELLIER
"787",TERRIER
"788",TESSIER
"789",TEXIER
"790",TEYSSIER
"791",THEBAULT
"792",THERY
"793",THEVENET
"794",THEVENIN
"795",THIBAULT
"796",THIEBAUT
"797",THIERRY
"798",THIERY
"799",THOMAS
"800",TISSERAND
"801",TISSIER
"802",TISSOT
"803",TORRES
"804",TOURE
"805",TOURNIER
"806",TOUSSAINT
"807",TRAN
"808",TRAORE
"809",TURPIN
"810",VACHER
"811",VAILLANT
"812",VALENTIN
"813",VALETTE
"814",VALLEE
"815",VALLET
"816",VANNIER
"817",VASSEUR
"818",VERDIER
"819",VERGER
"820",VERNET
"821",VERRIER
"822",VIAL
"823",VIALA
"824",VIDAL
"825",VIGIER
"826",VIGNERON
"827",VIGOUROUX
"828",VILLAIN
"829",VILLARD
"830",VILLENEUVE
"831",VINCENT
"832",VIVIER
"833",VOISIN
"834",WAGNER
"835",WALTER
"836",WANG
"837",WEBER
"838",WEISS
"839",WINTERSTEIN
"840",WOLFF
"841",YILMAZ
"842",ZIMMERMANN
