_uid_,prenom
"1",ABDALLAH
"2",ABDEL
"3",ABDELAZIZ
"4",ABDELHAMID
"5",ABDELKADER
"6",ABDELKRIM
"7",ABDELLAH
"8",ABDERRAHMANE
"9",ABEL
"10",ABRAHAM
"11",ACHILLE
"12",ADAM
"13",ADEL
"14",ADELAIDE
"15",ADELE
"16",ADELINE
"17",ADIL
"18",ADOLPHE
"19",ADRIAN
"20",ADRIEN
"21",ADRIENNE
"22",AGATHE
"23",AGNES
"24",AHMED
"25",AHMET
"26",AICHA
"27",AIME
"28",AIMEE
"29",AISSA
"30",ALAIN
"31",ALAN
"32",ALBAN
"33",ALBERT
"34",ALBERTE
"35",ALBERTINE
"36",ALBERTO
"37",ALDO
"38",ALEX
"39",ALEXANDER
"40",ALEXANDRA
"41",ALEXANDRE
"42",ALEXANDRINE
"43",ALEXIA
"44",ALEXIS
"45",ALFRED
"46",ALI
"47",ALICE
"48",ALICIA
"49",ALINE
"50",ALISON
"51",ALIX
"52",ALLAN
"53",ALPHONSE
"54",AMANDINE
"55",AMAR
"56",AMAURY
"57",AMBROISE
"58",AMEDEE
"59",AMELIE
"60",AMINA
"61",AMINE
"62",ANA
"63",ANAIS
"64",ANDRE
"65",ANDREA
"66",ANDREE
"67",ANDREW
"68",ANGE
"69",ANGEL
"70",ANGELA
"71",ANGELE
"72",ANGELINA
"73",ANGELINE
"74",ANGELIQUE
"75",ANGELO
"76",ANITA
"77",ANN
"78",ANNA
"79",ANNABELLE
"80",ANNE
"81",ANNETTE
"82",ANNICK
"83",ANNIE
"84",ANNY
"85",ANTHONY
"86",ANTOINE
"87",ANTOINETTE
"88",ANTONIA
"89",ANTONIN
"90",ANTONIO
"91",ANTONY
"92",ARIANE
"93",ARISTIDE
"94",ARLETTE
"95",ARMAND
"96",ARMANDE
"97",ARMANDO
"98",ARMEL
"99",ARMELLE
"100",ARNAUD
"101",ARSENE
"102",ARTHUR
"103",ASTRID
"104",AUDE
"105",AUDREY
"106",AUGUSTA
"107",AUGUSTE
"108",AUGUSTIN
"109",AUGUSTINE
"110",AUGUSTO
"111",AURELIA
"112",AURELIE
"113",AURELIEN
"114",AURORE
"115",AXEL
"116",AXELLE
"117",AYMERIC
"118",AZIZ
"119",BACHIR
"120",BAPTISTE
"121",BARBARA
"122",BARTHELEMY
"123",BASILE
"124",BASTIEN
"125",BEATRICE
"126",BELKACEM
"127",BEN
"128",BENEDICTE
"129",BENJAMIN
"130",BENOIT
"131",BERANGERE
"132",BERENGERE
"133",BERNADETTE
"134",BERNARD
"135",BERTHE
"136",BERTRAND
"137",BETTY
"138",BLAISE
"139",BLANCHE
"140",BLANDINE
"141",BORIS
"142",BRAHIM
"143",BRIAN
"144",BRICE
"145",BRIGITTE
"146",BRUNO
"147",CAMILLE
"148",CARINE
"149",CARLO
"150",CARLOS
"151",CARMEN
"152",CAROL
"153",CAROLE
"154",CAROLINE
"155",CASIMIR
"156",CATHERINE
"157",CATHY
"158",CECILE
"159",CECILIA
"160",CEDRIC
"161",CELESTIN
"162",CELIA
"163",CELINE
"164",CESAR
"165",CHANTAL
"166",CHARLENE
"167",CHARLES
"168",CHARLIE
"169",CHARLINE
"170",CHARLOTTE
"171",CHARLY
"172",CHERIF
"173",CHLOE
"174",CHRISTEL
"175",CHRISTELE
"176",CHRISTELLE
"177",CHRISTIAN
"178",CHRISTIANE
"179",CHRISTINA
"180",CHRISTINE
"181",CHRISTOPHE
"182",CHRISTOPHER
"183",CHRYSTELLE
"184",CINDY
"185",CLAIRE
"186",CLARA
"187",CLARISSE
"188",CLAUDE
"189",CLAUDETTE
"190",CLAUDIA
"191",CLAUDIE
"192",CLAUDINE
"193",CLAUDIUS
"194",CLEMENCE
"195",CLEMENT
"196",CLEMENTINE
"197",CLOTILDE
"198",CLOVIS
"199",COLETTE
"200",CONSTANCE
"201",CONSTANT
"202",CONSTANTIN
"203",CORALIE
"204",CORENTIN
"205",CORINE
"206",CORINNE
"207",CRISTINA
"208",CYNTHIA
"209",CYPRIEN
"210",CYRIL
"211",CYRILLE
"212",DA
"213",DALILA
"214",DAMIEN
"215",DAN
"216",DANIEL
"217",DANIELE
"218",DANIELLE
"219",DANY
"220",DAVID
"221",DAVY
"222",DE
"223",DEBORAH
"224",DELPHINE
"225",DENIS
"226",DENISE
"227",DESIRE
"228",DESIREE
"229",DIANA
"230",DIANE
"231",DIDIER
"232",DIEGO
"233",DIMITRI
"234",DIT
"235",DJAMEL
"236",DOLORES
"237",DOMINIQUE
"238",DORIAN
"239",DOROTHEE
"240",DRISS
"241",DYLAN
"242",EDDIE
"243",EDDY
"244",EDGAR
"245",EDGARD
"246",EDITH
"247",EDMOND
"248",EDOUARD
"249",EDWARD
"250",EDWIGE
"251",EL
"252",ELENA
"253",ELEONORE
"254",ELIANE
"255",ELIE
"256",ELIETTE
"257",ELISA
"258",ELISABETH
"259",ELISE
"260",ELIZABETH
"261",ELODIE
"262",ELOI
"263",ELOISE
"264",ELSA
"265",EMELINE
"266",EMERIC
"267",EMILE
"268",EMILIA
"269",EMILIE
"270",EMILIEN
"271",EMILIENNE
"272",EMMA
"273",EMMANUEL
"274",EMMANUELLE
"275",ENZO
"276",EPSE
"277",ERIC
"278",ERICK
"279",ERIK
"280",ERIKA
"281",ERNEST
"282",ERWAN
"283",ESTELLE
"284",ESTHER
"285",ETIENNE
"286",EUGENE
"287",EUGENIE
"288",EVA
"289",EVE
"290",EVELINE
"291",EVELYNE
"292",FABIEN
"293",FABIENNE
"294",FABRICE
"295",FANNY
"296",FARID
"297",FARIDA
"298",FATIHA
"299",FATIMA
"300",FATMA
"301",FELICIE
"302",FELICIEN
"303",FELIX
"304",FERDINAND
"305",FERNAND
"306",FERNANDE
"307",FERNANDO
"308",FILIPE
"309",FILS
"310",FIRMIN
"311",FLAVIEN
"312",FLORA
"313",FLORE
"314",FLORENCE
"315",FLORENT
"316",FLORIAN
"317",FLORIANE
"318",FOUAD
"319",FRANCE
"320",FRANCESCO
"321",FRANCETTE
"322",FRANCINE
"323",FRANCIS
"324",FRANCISCO
"325",FRANCK
"326",FRANCO
"327",FRANCOIS
"328",FRANCOISE
"329",FRANK
"330",FRANTZ
"331",FRED
"332",FREDDY
"333",FREDERIC
"334",FREDERICK
"335",FREDERIQUE
"336",GABRIEL
"337",GABRIELLE
"338",GAEL
"339",GAELLE
"340",GAETAN
"341",GARY
"342",GASTON
"343",GAUTHIER
"344",GENEVIEVE
"345",GEOFFREY
"346",GEOFFROY
"347",GEORGE
"348",GEORGES
"349",GEORGETTE
"350",GERALD
"351",GERALDINE
"352",GERARD
"353",GERMAIN
"354",GERMAINE
"355",GERVAIS
"356",GHISLAIN
"357",GHISLAINE
"358",GIL
"359",GILBERT
"360",GILBERTE
"361",GILDAS
"362",GILLES
"363",GINETTE
"364",GINO
"365",GIOVANNI
"366",GISELE
"367",GIUSEPPE
"368",GLADYS
"369",GRAZIELLA
"370",GREGOIRE
"371",GREGORY
"372",GUILLAUME
"373",GUISEPPE
"374",GUSTAVE
"375",GUY
"376",GUYLAINE
"377",GWENAEL
"378",GWENAELLE
"379",GWENDOLINE
"380",HABIB
"381",HAKIM
"382",HAMID
"383",HAMZA
"384",HANS
"385",HARRY
"386",HASAN
"387",HASSAN
"388",HASSEN
"389",HECTOR
"390",HEDI
"391",HELENA
"392",HELENE
"393",HELOISE
"394",HENRI
"395",HENRIETTE
"396",HENRY
"397",HERVE
"398",HICHAM
"399",HILAIRE
"400",HIPPOLYTE
"401",HOCINE
"402",HONORE
"403",HORTENSE
"404",HUBERT
"405",HUGO
"406",HUGUES
"407",HUGUETTE
"408",HUSEYIN
"409",IBRAHIM
"410",IBRAHIMA
"411",IDA
"412",IGNACE
"413",IGOR
"414",INES
"415",INGRID
"416",IRENE
"417",IRENEE
"418",IRMA
"419",ISAAC
"420",ISABEL
"421",ISABELLE
"422",ISIDORE
"423",ISMAEL
"424",ISMAIL
"425",IVAN
"426",JACK
"427",JACKIE
"428",JACKY
"429",JACOB
"430",JACQUELINE
"431",JACQUES
"432",JAMAL
"433",JAMEL
"434",JAMES
"435",JAN
"436",JANE
"437",JANINE
"438",JANY
"439",JASON
"440",JEAN
"441",JEANINE
"442",JEANNE
"443",JEANNETTE
"444",JEANNINE
"445",JENNIFER
"446",JENNY
"447",JEREMIE
"448",JEREMY
"449",JEROME
"450",JESSICA
"451",JESSY
"452",JESUS
"453",JIMMY
"454",JOACHIM
"455",JOANNA
"456",JOAO
"457",JOAQUIM
"458",JOCELYN
"459",JOCELYNE
"460",JOEL
"461",JOELLE
"462",JOHAN
"463",JOHANN
"464",JOHANNA
"465",JOHANNES
"466",JOHN
"467",JOHNNY
"468",JONATHAN
"469",JORDAN
"470",JORGE
"471",JORIS
"472",JOSE
"473",JOSEE
"474",JOSEPH
"475",JOSEPHE
"476",JOSEPHINE
"477",JOSETTE
"478",JOSIANE
"479",JUAN
"480",JUDITH
"481",JULES
"482",JULIA
"483",JULIAN
"484",JULIE
"485",JULIEN
"486",JULIENNE
"487",JULIETTE
"488",JUSTIN
"489",JUSTINE
"490",KAMAL
"491",KAMEL
"492",KAREN
"493",KARIM
"494",KARIMA
"495",KARINE
"496",KARL
"497",KATIA
"498",KELLY
"499",KEVIN
"500",KHADIJA
"501",KHALED
"502",KHALID
"503",KIM
"504",KLEBER
"505",LAETITIA
"506",LAHCEN
"507",LARBI
"508",LAURA
"509",LAURE
"510",LAURENCE
"511",LAURENT
"512",LAURETTE
"513",LAURIANE
"514",LAURIE
"515",LEA
"516",LEILA
"517",LEO
"518",LEON
"519",LEONARD
"520",LEONCE
"521",LEONE
"522",LEONIE
"523",LEONTINE
"524",LEOPOLD
"525",LESLIE
"526",LILIAN
"527",LILIANE
"528",LINA
"529",LINDA
"530",LINE
"531",LIONEL
"532",LISA
"533",LISE
"534",LOIC
"535",LOU
"536",LOUIS
"537",LOUISA
"538",LOUISE
"539",LOUISETTE
"540",LUC
"541",LUCAS
"542",LUCE
"543",LUCETTE
"544",LUCIA
"545",LUCIE
"546",LUCIEN
"547",LUCIENNE
"548",LUCILE
"549",LUDIVINE
"550",LUDOVIC
"551",LUIGI
"552",LUIS
"553",LYDIA
"554",LYDIE
"555",LYSIANE
"556",MA
"557",MADELEINE
"558",MAEVA
"559",MAGALI
"560",MAGALIE
"561",MAHMOUD
"562",MAITE
"563",MALIK
"564",MALIKA
"565",MAMADOU
"566",MANON
"567",MANUEL
"568",MANUELA
"569",MAR
"570",MARC
"571",MARCEAU
"572",MARCEL
"573",MARCELLE
"574",MARCO
"575",MARGARET
"576",MARGAUX
"577",MARGOT
"578",MARGUERITE
"579",MARI
"580",MARIA
"581",MARIANNE
"582",MARIE
"583",MARIELLE
"584",MARIETTE
"585",MARILYNE
"586",MARINA
"587",MARINE
"588",MARINETTE
"589",MARIO
"590",MARION
"591",MARIUS
"592",MARJORIE
"593",MARK
"594",MARLENE
"595",MARTHE
"596",MARTIAL
"597",MARTIN
"598",MARTINE
"599",MARY
"600",MARYLENE
"601",MARYLINE
"602",MARYSE
"603",MARYVONNE
"604",MATHIAS
"605",MATHIEU
"606",MATHILDE
"607",MATTHIAS
"608",MATTHIEU
"609",MAUD
"610",MAURICE
"611",MAURICETTE
"612",MAX
"613",MAXENCE
"614",MAXIME
"615",MAXIMILIEN
"616",MEHDI
"617",MEHMET
"618",MELANIE
"619",MELISSA
"620",MELODIE
"621",MESSAOUD
"622",MICHAEL
"623",MICHEL
"624",MICHELE
"625",MICHELINE
"626",MICHELLE
"627",MICKAEL
"628",MIGUEL
"629",MIKAEL
"630",MIKE
"631",MILOUD
"632",MIREILLE
"633",MOHAMED
"634",MOHAMMAD
"635",MOHAMMED
"636",MOHAND
"637",MOISE
"638",MONIQUE
"639",MORGAN
"640",MORGANE
"641",MOULOUD
"642",MOUNIR
"643",MOURAD
"644",MOUSSA
"645",MURAT
"646",MURIEL
"647",MURIELLE
"648",MUSTAFA
"649",MUSTAPHA
"650",MYLENE
"651",MYRIAM
"652",NABIL
"653",NADEGE
"654",NADIA
"655",NADINE
"656",NAIMA
"657",NANCY
"658",NARCISSE
"659",NASSER
"660",NATACHA
"661",NATHALIE
"662",NATHAN
"663",NELLY
"664",NELSON
"665",NICOLAS
"666",NICOLE
"667",NINA
"668",NOEL
"669",NOELLE
"670",NOEMIE
"671",NORA
"672",NORBERT
"673",NORDINE
"674",NOUREDDINE
"675",OCEANE
"676",OCTAVE
"677",ODETTE
"678",ODILE
"679",OLGA
"680",OLIVIA
"681",OLIVIER
"682",OMAR
"683",OMER
"684",OPHELIE
"685",OSCAR
"686",PAMELA
"687",PAOLO
"688",PASCAL
"689",PASCALE
"690",PASCALINE
"691",PATRICE
"692",PATRICIA
"693",PATRICK
"694",PAUL
"695",PAULA
"696",PAULE
"697",PAULETTE
"698",PAULINE
"699",PAULO
"700",PEDRO
"701",PEGGY
"702",PERRINE
"703",PETER
"704",PHILIP
"705",PHILIPPE
"706",PIERRE
"707",PIERRETTE
"708",PIERRICK
"709",PRISCILLA
"710",PROSPER
"711",QUENTIN
"712",RABAH
"713",RACHEL
"714",RACHID
"715",RAOUL
"716",RAPHAEL
"717",RAPHAELLE
"718",RAYMOND
"719",RAYMONDE
"720",REBECCA
"721",REGINE
"722",REGIS
"723",REINE
"724",REJANE
"725",REMI
"726",REMY
"727",RENAUD
"728",RENE
"729",RENEE
"730",RICARDO
"731",RICHARD
"732",RITA
"733",ROBERT
"734",ROBERTE
"735",ROBERTO
"736",ROBIN
"737",RODOLPHE
"738",RODRIGUE
"739",ROGER
"740",ROLAND
"741",ROLANDE
"742",ROLLAND
"743",ROMAIN
"744",ROMUALD
"745",RONALD
"746",RONAN
"747",ROSA
"748",ROSALIE
"749",ROSE
"750",ROSELINE
"751",ROSELYNE
"752",ROSETTE
"753",ROSINE
"754",ROXANE
"755",RUDY
"756",SABINE
"757",SABRINA
"758",SACHA
"759",SAID
"760",SALAH
"761",SALEM
"762",SALIM
"763",SALOMON
"764",SALVATORE
"765",SAMANTHA
"766",SAMI
"767",SAMIA
"768",SAMIR
"769",SAMIRA
"770",SAMUEL
"771",SAMY
"772",SANDRA
"773",SANDRINE
"774",SANDY
"775",SARA
"776",SARAH
"777",SAUVEUR
"778",SEBASTIEN
"779",SERGE
"780",SERGIO
"781",SEVERINE
"782",SIMON
"783",SIMONE
"784",SIMONNE
"785",SLIMANE
"786",SMAIL
"787",SOFIANE
"788",SOLANGE
"789",SOLENE
"790",SONIA
"791",SOPHIA
"792",SOPHIE
"793",STANISLAS
"794",STEEVE
"795",STEFAN
"796",STELLA
"797",STEPHAN
"798",STEPHANE
"799",STEPHANIE
"800",STEPHEN
"801",STEVE
"802",STEVEN
"803",SUZANNE
"804",SUZETTE
"805",SYLVAIN
"806",SYLVAINE
"807",SYLVESTRE
"808",SYLVETTE
"809",SYLVIA
"810",SYLVIANE
"811",SYLVIE
"812",TAHAR
"813",TANGUY
"814",TANIA
"815",TARIK
"816",TATIANA
"817",TEDDY
"818",THEO
"819",THEODORE
"820",THEOPHILE
"821",THERESE
"822",THI
"823",THIBAUD
"824",THIBAULT
"825",THIBAUT
"826",THIERRY
"827",THOMAS
"828",TIMOTHEE
"829",TIPHAINE
"830",TOM
"831",TONY
"832",TOUSSAINT
"833",TRISTAN
"834",ULYSSE
"835",URBAIN
"836",VALENTIN
"837",VALENTINE
"838",VALERIE
"839",VALERY
"840",VAN
"841",VANESSA
"842",VERONIQUE
"843",VICTOIRE
"844",VICTOR
"845",VICTORIA
"846",VICTORINE
"847",VINCENT
"848",VIOLAINE
"849",VIOLETTE
"850",VIRGILE
"851",VIRGINIE
"852",VIVIANE
"853",VIVIEN
"854",VLADIMIR
"855",WALID
"856",WALTER
"857",WILFRID
"858",WILFRIED
"859",WILLIAM
"860",WILLY
"861",XAVIER
"862",YACINE
"863",YAMINA
"864",YAN
"865",YANN
"866",YANNICK
"867",YASMINA
"868",YASSINE
"869",YOAN
"870",YOANN
"871",YOHAN
"872",YOHANN
"873",YOLANDE
"874",YOUCEF
"875",YOUNES
"876",YOUSSEF
"877",YVAN
"878",YVELINE
"879",YVES
"880",YVETTE
"881",YVON
"882",YVONNE
"883",ZOE
"884",ZOHRA
